{
    "train": {
        "loss": 0.9304970502853394,
        "accuracy": 0.672950029373169
    },
    "eval": {
        "loss": 0.8846071362495422,
        "accuracy": 0.697700023651123
    },
    "step": 4,
    "test_loss": 0.9844045639038086,
    "test_acc": 0.65829998254776
}
