{
    "train": {
        "loss": 0.7546642422676086,
        "accuracy": 0.739579975605011
    },
    "eval": {
        "loss": 0.6421447396278381,
        "accuracy": 0.7785000205039978
    },
    "step": 4,
    "test_loss": 0.9225191473960876,
    "test_acc": 0.6866000294685364
}
