{
    "train": {
        "loss": 0.4307900667190552,
        "accuracy": 0.8514800071716309
    },
    "eval": {
        "loss": 0.3009890019893646,
        "accuracy": 0.9054999947547913
    },
    "step": 1,
    "test_loss": 1.1093405485153198,
    "test_acc": 0.6650999784469604
}
