step	accuracy
0	0.6047999858856201
1	0.6855999827384949
2	0.7271000146865845
3	0.7468000054359436
4	0.7785000205039978
