step	accuracy
0	0.8751000165939331
1	0.9054999947547913
