step	accuracy
0	0.5019999742507935
1	0.5896999835968018
2	0.6438999772071838
3	0.6563000082969666
4	0.697700023651123
