step	loss
0	0.3984583020210266
1	0.3009890019893646
