step	loss
0	1.3791998624801636
1	1.1502867937088013
2	0.9999995827674866
3	0.9668393731117249
4	0.8846071362495422
