step	loss
0	1.121267318725586
1	0.9100332856178284
2	0.7908264398574829
3	0.7387770414352417
4	0.6421447396278381
