step	accuracy
0	0.47095999121665955
1	0.6353600025177002
2	0.686020016670227
3	0.7173600196838379
4	0.739579975605011
