step	accuracy
0	0.4076249897480011
1	0.5549499988555908
2	0.6090499758720398
3	0.6435999870300293
4	0.672950029373169
