step	accuracy
0	0.8116999864578247
1	0.8514800071716309
