step	loss
0	1.6148452758789062
1	1.2446579933166504
2	1.1045063734054565
3	1.0125190019607544
4	0.9304970502853394
