step	loss
0	0.5402607321739197
1	0.4307900667190552
