step	loss
0	1.4800177812576294
1	1.044402003288269
2	0.904340386390686
3	0.8204005360603333
4	0.7546642422676086
